ID,CFR_prediction,gold,rawLevenshteinED,phonemewiseLevenshteinED,featureED,pred_phone_length,gold_phone_length
0,*/n퍍yl/,/n퍍yl/,0,0.0,0.0,3,3
1,*/투j톝팪/,/투j톝팪/,0,0.0,0.0,3,3
2,*/콉팪/,/콉팪/,0,0.0,0.0,1,1
3,*/yn퍍/,/yn퍍/,0,0.0,0.0,2,2
4,*/d퍍칮/,/d퍍틛칮/,1,0.5,0.07692307692307693,2,2
6,*/t퍍투wa/,/t퍍투wa/,0,0.0,0.0,4,4
8,*/kat퍍투/,/kat퍍투/,0,0.0,0.0,4,4
9,*/s톝팪k/,/s톝팪k/,0,0.0,0.0,3,3
10,*/sis/,/sis/,0,0.0,0.0,3,3
11,*/s톝/,/s톝t퍍/,1,0.3333333333333333,0.6153846153846154,2,3
12,*/톤it퍍/,/톤it퍍/,0,0.0,0.0,3,3
13,*/n퍍콉f/,/n퍍콉f/,0,0.0,0.0,3,3
14,*/di/,/d퍍틛is/,3,1.0,0.8076923076923077,2,3
15,*/톖팪z/,/톖팪z/,0,0.0,0.0,2,2
16,*/d퍍콉s/,/d퍍틛uz톛/,3,0.75,0.7692307692307693,3,4
17,*/t퍍투톝s/,/t퍍투틛톝z/,2,0.5,0.11538461538461539,4,4
18,*/kat퍍톖투z/,/kat톖투z/,1,0.16666666666666666,0.038461538461538464,6,6
19,*/k톝팪z/,/k틛톝팪z/,1,0.3333333333333333,0.07692307692307693,3,3
20,*/sj톝s/,/s틛톝z/,3,1.0,0.6153846153846154,4,3
21,*/d톝m톛s톝/,/diss톝t/,4,0.6666666666666666,1.4423076923076923,6,6
22,*/d톝m톛t톤i/,/diz톤it/,5,0.8333333333333334,1.8846153846153846,7,6
23,*/d톝m톛n콉f/,/dizn틛콉f/,4,0.6666666666666666,0.8461538461538461,7,6
24,*/vj톝팪/,/v톝팪t/,2,0.6666666666666666,0.6346153846153846,3,3
25,*/t투j톝팪t퍍/,/t투톔팪t/,3,0.75,0.6346153846153846,5,4
26,*/ka투w톝팪t퍍/,/ka투톔팪t퍍/,2,0.4,0.75,6,5
27,*/s톝팪kw톝팪t퍍/,/s톝팪k톔팪t퍍/,2,0.4,0.7692307692307693,6,5
28,*/swasw톝팪t퍍/,/swas톔팪t퍍/,2,0.3333333333333333,0.9230769230769231,7,6
29,*/s톛tw톝팪t/,/swas톔팪d틛is/,7,0.875,2.326923076923077,6,8
30,*/톤itw톝팪t퍍/,/kat퍍투톛v틛톝팪/,7,1.0,1.75,6,7
31,*/n퍍톖n퍍w톝팪t퍍/,/kat퍍투톛v톝팪dis/,9,0.9,3.6346153846153846,6,10
32,*/s톔팪/,/s톔팪/,0,0.0,0.0,2,2
33,*/mil/,/mil/,0,0.0,0.0,3,3